lr,neurons,batch_size,accuracy_epoch_10,accuracy_epoch_15,accuracy_epoch_40,best_accuracy
0.2,32,32,0.9722222089767456,0.9722222089767456,0.9722222089767456,0.9907407164573669
0.2,32,64,0.9722222089767456,0.9629629850387573,0.9629629850387573,0.9814814925193787
0.2,64,32,0.9629629850387573,0.9629629850387573,0.9814814925193787,0.9814814925193787
0.2,64,64,0.9629629850387573,0.9722222089767456,0.9814814925193787,0.9814814925193787
0.5,32,32,0.9537037014961243,0.9629629850387573,0.9259259104728699,0.9814814925193787
0.5,32,64,0.9722222089767456,0.9722222089767456,0.9722222089767456,0.9814814925193787
0.5,64,32,0.9444444179534912,0.9722222089767456,0.9814814925193787,0.9814814925193787
0.5,64,64,0.9629629850387573,0.9629629850387573,0.9722222089767456,0.9814814925193787
